,% Gait Cycle,Pelvic Ant/Posterior Tilt,Hip Flex/Extension,Hip Ad/Abduction,Hip Int/External Rotation,Knee Flex/Extension,Ankle Dorsi/Plantarflexion,Position
NORMAL,0%,-2.8,27.9,0.5,0.3,8.8,-21.9,NORMAL
,1%,-2.8,27.8,0.9,0.6,10.2,-22.5,NORMAL
,2%,-2.8,27.7,1.4,1.0,11.5,-23.1,NORMAL
,3%,-2.7,27.6,1.9,1.4,12.9,-23.7,NORMAL
,4%,-2.7,27.5,2.5,1.8,14.5,-24.1,NORMAL
,5%,-2.6,27.3,3.1,2.2,16.1,-24.2,NORMAL
,6%,-2.5,27.0,3.8,2.5,17.6,-24.0,NORMAL
,7%,-2.4,26.6,4.4,2.8,19.0,-23.7,NORMAL
,8%,-2.3,26.2,5.0,2.9,20.2,-23.2,NORMAL
,9%,-2.2,25.5,5.6,3.0,21.1,-22.5,NORMAL
,10%,-2.1,24.8,6.0,2.9,21.7,-21.8,NORMAL
,11%,-2.0,23.9,6.4,2.8,22.1,-20.9,NORMAL
,12%,-2.0,23.0,6.6,2.7,22.2,-20.0,NORMAL
,13%,-1.9,22.0,6.8,2.5,22.2,-19.1,NORMAL
,14%,-1.9,20.9,6.9,2.2,22.0,-18.2,NORMAL
,15%,-1.9,19.8,6.9,1.9,21.6,-17.3,NORMAL
,16%,-1.9,18.7,6.9,1.6,21.1,-16.6,NORMAL
,17%,-2.0,17.5,6.8,1.4,20.6,-15.9,NORMAL
,18%,-2.1,16.3,6.7,1.2,19.9,-15.2,NORMAL
,19%,-2.1,15.1,6.6,0.9,19.3,-14.7,NORMAL
,20%,-2.2,13.9,6.4,0.7,18.6,-14.2,NORMAL
,21%,-2.3,12.7,6.2,0.5,17.9,-13.8,NORMAL
,22%,-2.4,11.5,6.0,0.3,17.2,-13.4,NORMAL
,23%,-2.4,10.3,5.8,0.1,16.5,-13.0,NORMAL
,24%,-2.5,9.1,5.6,-0.1,15.9,-12.7,NORMAL
,25%,-2.6,7.9,5.4,-0.3,15.2,-12.3,NORMAL
,26%,-2.6,6.7,5.2,-0.4,14.6,-12.0,NORMAL
,27%,-2.6,5.5,5.0,-0.5,13.9,-11.6,NORMAL
,28%,-2.7,4.4,4.9,-0.6,13.3,-11.2,NORMAL
,29%,-2.7,3.2,4.7,-0.6,12.7,-10.9,NORMAL
,30%,-2.7,2.1,4.6,-0.5,12.2,-10.5,NORMAL
,31%,-2.8,0.9,4.4,-0.5,11.6,-10.2,NORMAL
,32%,-2.8,-0.2,4.3,-0.4,11.1,-9.8,NORMAL
,33%,-2.8,-1.3,4.3,-0.3,10.7,-9.4,NORMAL
,34%,-2.9,-2.3,4.2,-0.3,10.3,-8.9,NORMAL
,35%,-2.9,-3.3,4.2,-0.3,10.0,-8.5,NORMAL
,36%,-2.9,-4.3,4.1,-0.3,9.8,-8.1,NORMAL
,37%,-3.0,-5.2,4.1,-0.3,9.7,-7.8,NORMAL
,38%,-3.0,-6.1,4.1,-0.4,9.7,-7.4,NORMAL
,39%,-3.0,-7.0,4.1,-0.5,9.7,-7.1,NORMAL
,40%,-3.0,-7.9,4.1,-0.8,9.9,-6.8,NORMAL
,41%,-3.0,-8.7,4.1,-1.0,10.2,-6.6,NORMAL
,42%,-2.9,-9.5,4.1,-1.4,10.6,-6.5,NORMAL
,43%,-2.9,-10.2,4.0,-1.8,11.1,-6.5,NORMAL
,44%,-2.9,-10.9,3.9,-2.2,11.8,-6.6,NORMAL
,45%,-2.9,-11.5,3.8,-2.6,12.5,-7.0,NORMAL
,46%,-2.9,-12.1,3.6,-3.0,13.4,-7.6,NORMAL
,47%,-2.8,-12.5,3.4,-3.4,14.4,-8.4,NORMAL
,48%,-2.8,-12.9,3.1,-3.8,15.6,-9.5,NORMAL
,49%,-2.8,-13.2,2.7,-4.1,16.9,-10.8,NORMAL
,50%,-2.8,-13.4,2.3,-4.4,18.4,-12.5,NORMAL
,51%,-2.7,-13.4,1.8,-4.7,20.1,-14.5,NORMAL
,52%,-2.7,-13.3,1.2,-5.0,22.0,-16.7,NORMAL
,53%,-2.7,-13.0,0.6,-5.3,24.1,-19.2,NORMAL
,54%,-2.6,-12.5,-0.1,-5.5,26.5,-21.8,NORMAL
,55%,-2.5,-11.8,-0.8,-5.7,29.0,-24.5,NORMAL
,56%,-2.4,-10.9,-1.5,-5.9,31.8,-27.2,NORMAL
,57%,-2.3,-9.8,-2.3,-6.0,34.8,-29.9,NORMAL
,58%,-2.2,-8.6,-3.1,-6.0,37.9,-32.3,NORMAL
,59%,-2.1,-7.1,-3.7,-5.9,41.1,-34.4,NORMAL
,60%,-2.0,-5.5,-4.3,-5.8,44.4,-35.9,NORMAL
,61%,-1.9,-3.8,-4.8,-5.7,47.6,-36.9,NORMAL
,62%,-1.8,-1.9,-5.1,-5.4,50.8,-37.2,NORMAL
,63%,-1.7,0.1,-5.3,-5.0,53.9,-37.0,NORMAL
,64%,-1.7,2.1,-5.3,-4.6,56.6,-36.4,NORMAL
,65%,-1.7,4.1,-5.3,-4.1,59.1,-35.5,NORMAL
,66%,-1.8,6.2,-5.1,-3.4,61.2,-34.2,NORMAL
,67%,-1.8,8.2,-4.9,-2.8,63.0,-32.7,NORMAL
,68%,-1.9,10.2,-4.5,-2.3,64.3,-31.0,NORMAL
,69%,-2.0,12.2,-4.1,-1.8,65.3,-29.3,NORMAL
,70%,-2.1,14.0,-3.7,-1.4,65.8,-27.5,NORMAL
,71%,-2.2,15.8,-3.3,-1.1,66.0,-25.9,NORMAL
,72%,-2.3,17.5,-2.9,-0.8,65.8,-24.3,NORMAL
,73%,-2.3,19.2,-2.5,-0.6,65.3,-23.0,NORMAL
,74%,-2.4,20.7,-2.1,-0.5,64.5,-21.9,NORMAL
,75%,-2.5,22.1,-1.8,-0.3,63.3,-20.9,NORMAL
,76%,-2.5,23.4,-1.4,-0.2,61.9,-20.1,NORMAL
,77%,-2.6,24.7,-1.2,0.0,60.1,-19.5,NORMAL
,78%,-2.6,25.8,-0.9,0.2,58.1,-19.0,NORMAL
,79%,-2.6,26.7,-0.7,0.4,55.9,-18.6,NORMAL
,80%,-2.7,27.6,-0.4,0.6,53.3,-18.2,NORMAL
,81%,-2.7,28.3,-0.3,0.8,50.6,-17.9,NORMAL
,82%,-2.7,28.9,-0.1,1.0,47.6,-17.6,NORMAL
,83%,-2.7,29.4,0.0,1.2,44.4,-17.4,NORMAL
,84%,-2.7,29.7,0.1,1.2,41.0,-17.2,NORMAL
,85%,-2.8,30.0,0.2,1.1,37.5,-17.1,NORMAL
,86%,-2.8,30.0,0.2,0.9,33.9,-17.1,NORMAL
,87%,-2.8,30.0,0.1,0.6,30.2,-17.2,NORMAL
,88%,-2.8,29.9,0.1,0.3,26.4,-17.3,NORMAL
,89%,-2.8,29.7,-0.1,-0.1,22.8,-17.6,NORMAL
,90%,-2.8,29.5,-0.3,-0.4,19.2,-18.0,NORMAL
,91%,-2.8,29.1,-0.4,-0.8,15.9,-18.4,NORMAL
,92%,-2.8,28.8,-0.5,-1.1,13.0,-18.8,NORMAL
,93%,-2.8,28.5,-0.7,-1.3,10.4,-19.2,NORMAL
,94%,-2.7,28.1,-0.8,-1.4,8.3,-19.5,NORMAL
,95%,-2.7,27.9,-0.9,-1.3,6.8,-19.8,NORMAL
,96%,-2.7,27.7,-0.9,-1.0,5.9,-20.2,NORMAL
,97%,-2.7,27.5,-0.9,-0.6,5.5,-20.6,NORMAL
,98%,-2.7,27.4,-0.8,-0.1,5.7,-21.1,NORMAL
,99%,-2.6,27.3,-0.6,0.3,6.5,-21.4,NORMAL
,100%,-2.6,27.3,-0.3,0.7,7.5,-21.7,NORMAL
WALKING VERY SLOW,0%,-3.7,25.7,-1.7,3.6,7.8,-25.7,WALKING VERY SLOW
,1%,-3.7,25.5,-1.4,4.0,8.7,-26.1,WALKING VERY SLOW
,2%,-3.8,25.3,-1.1,4.4,9.6,-26.7,WALKING VERY SLOW
,3%,-3.8,25.0,-0.7,4.8,10.6,-27.3,WALKING VERY SLOW
,4%,-3.8,24.7,-0.3,5.1,11.6,-27.8,WALKING VERY SLOW
,5%,-3.8,24.4,0.2,5.4,12.5,-28.0,WALKING VERY SLOW
,6%,-3.8,23.9,0.8,5.6,13.4,-28.0,WALKING VERY SLOW
,7%,-3.8,23.4,1.2,5.7,14.1,-27.8,WALKING VERY SLOW
,8%,-3.8,22.8,1.7,5.7,14.7,-27.3,WALKING VERY SLOW
,9%,-3.7,22.1,2.0,5.6,15.2,-26.5,WALKING VERY SLOW
,10%,-3.7,21.4,2.3,5.3,15.5,-25.7,WALKING VERY SLOW
,11%,-3.7,20.5,2.5,5.1,15.7,-24.8,WALKING VERY SLOW
,12%,-3.7,19.7,2.6,4.8,15.7,-24.0,WALKING VERY SLOW
,13%,-3.7,18.8,2.7,4.5,15.6,-23.1,WALKING VERY SLOW
,14%,-3.7,17.9,2.7,4.2,15.5,-22.4,WALKING VERY SLOW
,15%,-3.7,17.0,2.7,4.0,15.2,-21.7,WALKING VERY SLOW
,16%,-3.7,16.1,2.7,3.8,15.0,-21.0,WALKING VERY SLOW
,17%,-3.7,15.2,2.6,3.7,14.6,-20.4,WALKING VERY SLOW
,18%,-3.7,14.2,2.5,3.6,14.3,-19.9,WALKING VERY SLOW
,19%,-3.7,13.3,2.5,3.4,14.0,-19.5,WALKING VERY SLOW
,20%,-3.7,12.4,2.4,3.3,13.6,-19.0,WALKING VERY SLOW
,21%,-3.7,11.5,2.3,3.0,13.2,-18.6,WALKING VERY SLOW
,22%,-3.7,10.5,2.2,2.8,12.8,-18.2,WALKING VERY SLOW
,23%,-3.7,9.6,2.1,2.5,12.5,-17.8,WALKING VERY SLOW
,24%,-3.7,8.7,2.0,2.2,12.1,-17.4,WALKING VERY SLOW
,25%,-3.7,7.8,1.9,1.9,11.7,-17.0,WALKING VERY SLOW
,26%,-3.8,7.0,1.8,1.7,11.3,-16.6,WALKING VERY SLOW
,27%,-3.8,6.1,1.6,1.5,11.0,-16.2,WALKING VERY SLOW
,28%,-3.8,5.3,1.5,1.3,10.6,-15.8,WALKING VERY SLOW
,29%,-3.9,4.5,1.4,1.2,10.3,-15.4,WALKING VERY SLOW
,30%,-3.9,3.7,1.4,1.1,10.0,-14.9,WALKING VERY SLOW
,31%,-4.0,2.9,1.3,1.1,9.8,-14.5,WALKING VERY SLOW
,32%,-4.0,2.2,1.3,1.1,9.5,-14.1,WALKING VERY SLOW
,33%,-4.1,1.4,1.3,1.2,9.3,-13.7,WALKING VERY SLOW
,34%,-4.1,0.7,1.3,1.2,9.2,-13.2,WALKING VERY SLOW
,35%,-4.2,0.0,1.3,1.3,9.0,-12.8,WALKING VERY SLOW
,36%,-4.2,-0.8,1.3,1.3,8.9,-12.4,WALKING VERY SLOW
,37%,-4.2,-1.5,1.3,1.3,8.9,-12.0,WALKING VERY SLOW
,38%,-4.2,-2.2,1.3,1.2,9.0,-11.6,WALKING VERY SLOW
,39%,-4.2,-2.9,1.4,1.1,9.1,-11.2,WALKING VERY SLOW
,40%,-4.2,-3.6,1.4,0.9,9.3,-10.8,WALKING VERY SLOW
,41%,-4.2,-4.2,1.4,0.8,9.6,-10.4,WALKING VERY SLOW
,42%,-4.1,-4.9,1.5,0.5,10.0,-10.1,WALKING VERY SLOW
,43%,-4.1,-5.4,1.5,0.3,10.4,-9.9,WALKING VERY SLOW
,44%,-4.1,-6.0,1.5,0.1,11.0,-9.6,WALKING VERY SLOW
,45%,-4.0,-6.5,1.5,-0.2,11.7,-9.5,WALKING VERY SLOW
,46%,-4.0,-7.0,1.4,-0.5,12.5,-9.5,WALKING VERY SLOW
,47%,-4.0,-7.4,1.4,-0.7,13.3,-9.6,WALKING VERY SLOW
,48%,-4.0,-7.8,1.2,-1.0,14.2,-9.9,WALKING VERY SLOW
,49%,-3.9,-8.1,1.1,-1.1,15.3,-10.4,WALKING VERY SLOW
,50%,-3.9,-8.4,0.8,-1.3,16.4,-11.1,WALKING VERY SLOW
,51%,-3.9,-8.6,0.5,-1.4,17.7,-12.2,WALKING VERY SLOW
,52%,-3.9,-8.6,0.1,-1.4,19.1,-13.5,WALKING VERY SLOW
,53%,-3.9,-8.6,-0.4,-1.4,20.6,-15.1,WALKING VERY SLOW
,54%,-3.9,-8.4,-1.0,-1.4,22.4,-17.0,WALKING VERY SLOW
,55%,-3.9,-8.0,-1.7,-1.3,24.4,-19.2,WALKING VERY SLOW
,56%,-3.9,-7.4,-2.4,-1.1,26.6,-21.5,WALKING VERY SLOW
,57%,-3.9,-6.6,-3.1,-1.0,29.1,-24.0,WALKING VERY SLOW
,58%,-3.8,-5.6,-3.7,-0.8,31.8,-26.5,WALKING VERY SLOW
,59%,-3.8,-4.3,-4.4,-0.7,34.7,-28.9,WALKING VERY SLOW
,60%,-3.8,-2.9,-4.9,-0.5,37.8,-31.1,WALKING VERY SLOW
,61%,-3.8,-1.3,-5.4,-0.3,40.9,-32.9,WALKING VERY SLOW
,62%,-3.8,0.4,-5.7,-0.1,44.1,-34.2,WALKING VERY SLOW
,63%,-3.8,2.2,-6.0,0.1,47.2,-35.0,WALKING VERY SLOW
,64%,-3.8,4.1,-6.1,0.5,50.1,-35.2,WALKING VERY SLOW
,65%,-3.7,5.9,-6.2,1.0,52.7,-34.9,WALKING VERY SLOW
,66%,-3.7,7.8,-6.1,1.6,55.1,-34.3,WALKING VERY SLOW
,67%,-3.7,9.6,-6.0,2.2,57.1,-33.3,WALKING VERY SLOW
,68%,-3.7,11.3,-5.8,2.8,58.6,-31.9,WALKING VERY SLOW
,69%,-3.7,13.0,-5.6,3.4,59.8,-30.3,WALKING VERY SLOW
,70%,-3.7,14.6,-5.3,4.0,60.6,-28.7,WALKING VERY SLOW
,71%,-3.7,16.1,-5.0,4.4,60.9,-27.0,WALKING VERY SLOW
,72%,-3.7,17.6,-4.7,4.8,60.9,-25.3,WALKING VERY SLOW
,73%,-3.7,19.0,-4.5,5.1,60.5,-23.8,WALKING VERY SLOW
,74%,-3.7,20.3,-4.2,5.3,59.8,-22.4,WALKING VERY SLOW
,75%,-3.7,21.6,-3.9,5.6,58.7,-21.2,WALKING VERY SLOW
,76%,-3.7,22.8,-3.6,5.8,57.3,-20.2,WALKING VERY SLOW
,77%,-3.7,23.9,-3.3,6.0,55.6,-19.4,WALKING VERY SLOW
,78%,-3.8,24.9,-3.0,6.2,53.6,-18.8,WALKING VERY SLOW
,79%,-3.8,25.8,-2.7,6.3,51.3,-18.4,WALKING VERY SLOW
,80%,-3.9,26.5,-2.5,6.4,48.7,-18.2,WALKING VERY SLOW
,81%,-3.9,27.2,-2.2,6.4,46.0,-18.1,WALKING VERY SLOW
,82%,-4.0,27.8,-2.0,6.2,43.1,-18.2,WALKING VERY SLOW
,83%,-4.0,28.2,-1.8,5.9,40.0,-18.5,WALKING VERY SLOW
,84%,-4.1,28.5,-1.7,5.4,36.8,-18.9,WALKING VERY SLOW
,85%,-4.1,28.6,-1.6,4.8,33.5,-19.4,WALKING VERY SLOW
,86%,-4.2,28.7,-1.5,4.0,30.1,-19.9,WALKING VERY SLOW
,87%,-4.2,28.6,-1.5,3.2,26.8,-20.6,WALKING VERY SLOW
,88%,-4.2,28.5,-1.4,2.4,23.5,-21.3,WALKING VERY SLOW
,89%,-4.1,28.2,-1.4,1.6,20.3,-21.9,WALKING VERY SLOW
,90%,-4.1,27.9,-1.5,1.0,17.2,-22.5,WALKING VERY SLOW
,91%,-4.0,27.6,-1.5,0.6,14.4,-23.1,WALKING VERY SLOW
,92%,-4.0,27.2,-1.5,0.3,11.9,-23.5,WALKING VERY SLOW
,93%,-3.9,26.8,-1.6,0.2,9.8,-23.9,WALKING VERY SLOW
,94%,-3.8,26.5,-1.6,0.4,8.2,-24.2,WALKING VERY SLOW
,95%,-3.8,26.1,-1.6,0.6,7.0,-24.4,WALKING VERY SLOW
,96%,-3.7,25.8,-1.6,1.0,6.2,-24.6,WALKING VERY SLOW
,97%,-3.7,25.6,-1.5,1.5,6.0,-24.7,WALKING VERY SLOW
,98%,-3.7,25.4,-1.4,2.0,6.3,-24.8,WALKING VERY SLOW
,99%,-3.7,25.2,-1.2,2.5,6.8,-25.0,WALKING VERY SLOW
,100%,-3.7,25.1,-1.0,2.9,7.6,-25.3,WALKING VERY SLOW
WALKING SLOW,0%,-2.6,26.3,-0.4,0.7,8.6,-23.4,WALKING SLOW
,1%,-2.6,26.1,0.0,1.1,9.6,-24.0,WALKING SLOW
,2%,-2.6,25.9,0.3,1.4,10.6,-24.7,WALKING SLOW
,3%,-2.6,25.6,0.8,1.7,11.7,-25.4,WALKING SLOW
,4%,-2.6,25.4,1.4,2.0,12.9,-25.9,WALKING SLOW
,5%,-2.6,25.0,2.0,2.2,14.2,-26.0,WALKING SLOW
,6%,-2.5,24.7,2.6,2.4,15.4,-25.9,WALKING SLOW
,7%,-2.4,24.2,3.3,2.6,16.4,-25.6,WALKING SLOW
,8%,-2.4,23.6,3.9,2.7,17.3,-25.1,WALKING SLOW
,9%,-2.3,22.9,4.4,2.8,17.9,-24.4,WALKING SLOW
,10%,-2.3,22.2,4.8,2.8,18.4,-23.6,WALKING SLOW
,11%,-2.2,21.4,5.2,2.7,18.7,-22.6,WALKING SLOW
,12%,-2.2,20.5,5.4,2.5,18.8,-21.7,WALKING SLOW
,13%,-2.2,19.5,5.5,2.2,18.7,-20.7,WALKING SLOW
,14%,-2.1,18.5,5.6,1.8,18.6,-19.8,WALKING SLOW
,15%,-2.1,17.5,5.6,1.5,18.3,-19.0,WALKING SLOW
,16%,-2.2,16.5,5.5,1.2,17.9,-18.3,WALKING SLOW
,17%,-2.2,15.5,5.4,0.9,17.5,-17.6,WALKING SLOW
,18%,-2.3,14.5,5.3,0.8,17.0,-17.1,WALKING SLOW
,19%,-2.4,13.5,5.2,0.7,16.6,-16.6,WALKING SLOW
,20%,-2.5,12.5,5.0,0.5,16.1,-16.1,WALKING SLOW
,21%,-2.5,11.5,4.9,0.4,15.6,-15.7,WALKING SLOW
,22%,-2.6,10.5,4.7,0.2,15.1,-15.2,WALKING SLOW
,23%,-2.7,9.5,4.5,0.0,14.7,-14.8,WALKING SLOW
,24%,-2.7,8.5,4.4,-0.2,14.2,-14.4,WALKING SLOW
,25%,-2.7,7.5,4.2,-0.4,13.7,-13.9,WALKING SLOW
,26%,-2.8,6.5,4.0,-0.6,13.3,-13.5,WALKING SLOW
,27%,-2.8,5.5,3.9,-0.7,12.8,-13.0,WALKING SLOW
,28%,-2.8,4.5,3.7,-0.7,12.3,-12.5,WALKING SLOW
,29%,-2.9,3.5,3.6,-0.7,11.9,-12.1,WALKING SLOW
,30%,-2.9,2.5,3.5,-0.6,11.4,-11.6,WALKING SLOW
,31%,-3.0,1.5,3.4,-0.5,11.0,-11.1,WALKING SLOW
,32%,-3.0,0.5,3.3,-0.4,10.6,-10.7,WALKING SLOW
,33%,-3.1,-0.5,3.2,-0.2,10.2,-10.2,WALKING SLOW
,34%,-3.1,-1.4,3.2,-0.1,9.9,-9.8,WALKING SLOW
,35%,-3.1,-2.3,3.2,0.0,9.7,-9.4,WALKING SLOW
,36%,-3.1,-3.2,3.2,0.0,9.5,-9.0,WALKING SLOW
,37%,-3.1,-4.1,3.2,0.0,9.4,-8.6,WALKING SLOW
,38%,-3.1,-4.9,3.2,-0.1,9.4,-8.3,WALKING SLOW
,39%,-3.1,-5.7,3.2,-0.2,9.5,-8.0,WALKING SLOW
,40%,-3.1,-6.5,3.2,-0.3,9.6,-7.7,WALKING SLOW
,41%,-3.0,-7.3,3.2,-0.5,9.9,-7.4,WALKING SLOW
,42%,-3.0,-8.0,3.2,-0.8,10.3,-7.2,WALKING SLOW
,43%,-3.0,-8.7,3.2,-1.1,10.8,-7.1,WALKING SLOW
,44%,-2.9,-9.3,3.2,-1.4,11.4,-7.2,WALKING SLOW
,45%,-2.9,-9.9,3.1,-1.7,12.1,-7.3,WALKING SLOW
,46%,-2.9,-10.4,3.0,-2.0,12.9,-7.6,WALKING SLOW
,47%,-3.0,-10.9,2.9,-2.2,13.8,-8.2,WALKING SLOW
,48%,-3.0,-11.2,2.7,-2.4,14.8,-9.0,WALKING SLOW
,49%,-3.0,-11.5,2.4,-2.6,15.9,-10.1,WALKING SLOW
,50%,-3.1,-11.7,2.0,-2.8,17.2,-11.4,WALKING SLOW
,51%,-3.1,-11.8,1.6,-2.9,18.7,-13.1,WALKING SLOW
,52%,-3.1,-11.7,1.0,-3.0,20.4,-15.0,WALKING SLOW
,53%,-3.1,-11.5,0.4,-3.2,22.2,-17.2,WALKING SLOW
,54%,-3.1,-11.1,-0.2,-3.3,24.3,-19.7,WALKING SLOW
,55%,-3.1,-10.6,-0.9,-3.5,26.6,-22.4,WALKING SLOW
,56%,-3.0,-9.9,-1.7,-3.6,29.1,-25.0,WALKING SLOW
,57%,-3.0,-9.0,-2.4,-3.8,31.8,-27.7,WALKING SLOW
,58%,-2.9,-7.8,-3.2,-3.9,34.8,-30.2,WALKING SLOW
,59%,-2.8,-6.5,-3.8,-4.0,37.8,-32.5,WALKING SLOW
,60%,-2.7,-5.0,-4.4,-4.0,41.0,-34.4,WALKING SLOW
,61%,-2.6,-3.4,-4.9,-3.9,44.2,-36.0,WALKING SLOW
,62%,-2.6,-1.6,-5.2,-3.9,47.3,-37.0,WALKING SLOW
,63%,-2.5,0.2,-5.5,-3.7,50.3,-37.4,WALKING SLOW
,64%,-2.5,2.1,-5.6,-3.5,53.1,-37.1,WALKING SLOW
,65%,-2.5,4.1,-5.5,-3.2,55.6,-36.4,WALKING SLOW
,66%,-2.5,6.1,-5.4,-2.8,57.8,-35.2,WALKING SLOW
,67%,-2.6,8.0,-5.2,-2.4,59.7,-33.6,WALKING SLOW
,68%,-2.6,9.9,-4.9,-1.9,61.1,-32.0,WALKING SLOW
,69%,-2.7,11.8,-4.6,-1.4,62.1,-30.1,WALKING SLOW
,70%,-2.8,13.6,-4.3,-1.0,62.7,-28.4,WALKING SLOW
,71%,-2.9,15.3,-3.9,-0.5,62.9,-26.7,WALKING SLOW
,72%,-2.9,16.9,-3.6,-0.2,62.7,-25.1,WALKING SLOW
,73%,-3.0,18.5,-3.2,0.2,62.2,-23.6,WALKING SLOW
,74%,-3.0,19.9,-2.9,0.6,61.3,-22.4,WALKING SLOW
,75%,-3.0,21.3,-2.5,0.9,60.2,-21.4,WALKING SLOW
,76%,-3.1,22.5,-2.2,1.3,58.7,-20.6,WALKING SLOW
,77%,-3.1,23.7,-1.8,1.7,56.9,-19.9,WALKING SLOW
,78%,-3.1,24.7,-1.5,2.0,54.8,-19.4,WALKING SLOW
,79%,-3.1,25.7,-1.2,2.3,52.5,-19.0,WALKING SLOW
,80%,-3.1,26.5,-0.9,2.6,50.0,-18.6,WALKING SLOW
,81%,-3.1,27.2,-0.7,2.8,47.3,-18.4,WALKING SLOW
,82%,-3.1,27.8,-0.5,2.9,44.3,-18.2,WALKING SLOW
,83%,-3.1,28.2,-0.3,2.8,41.2,-18.2,WALKING SLOW
,84%,-3.1,28.5,-0.1,2.6,38.0,-18.3,WALKING SLOW
,85%,-3.2,28.8,0.0,2.2,34.8,-18.4,WALKING SLOW
,86%,-3.1,29.0,0.0,1.8,31.4,-18.6,WALKING SLOW
,87%,-3.1,29.1,0.0,1.4,28.3,-18.8,WALKING SLOW
,88%,-3.1,29.0,-0.1,0.8,24.9,-19.2,WALKING SLOW
,89%,-3.1,28.8,-0.2,0.2,21.6,-19.6,WALKING SLOW
,90%,-3.0,28.6,-0.3,-0.3,18.4,-20.1,WALKING SLOW
,91%,-3.0,28.3,-0.4,-0.8,15.5,-20.5,WALKING SLOW
,92%,-2.9,28.0,-0.6,-1.2,12.8,-20.9,WALKING SLOW
,93%,-2.9,27.7,-0.7,-1.5,10.6,-21.2,WALKING SLOW
,94%,-2.9,27.4,-0.9,-1.5,8.8,-21.5,WALKING SLOW
,95%,-2.8,27.1,-1.0,-1.4,7.5,-21.7,WALKING SLOW
,96%,-2.9,26.9,-1.0,-0.9,6.8,-21.9,WALKING SLOW
,97%,-2.8,26.8,-1.0,-0.5,6.5,-22.1,WALKING SLOW
,98%,-2.8,26.6,-0.9,-0.1,6.7,-22.4,WALKING SLOW
,99%,-2.8,26.5,-0.8,0.4,7.3,-22.7,WALKING SLOW
,100%,-2.9,26.5,-0.5,0.8,8.2,-23.1,WALKING SLOW
WALKING MEDIUM,0%,-3.6,29.0,0.9,0.2,9.5,-20.5,WALKING MEDIUM
,1%,-3.6,28.9,1.4,0.6,10.8,-21.0,WALKING MEDIUM
,2%,-3.5,28.7,1.8,0.9,12.0,-21.6,WALKING MEDIUM
,3%,-3.5,28.6,2.4,1.3,13.3,-22.2,WALKING MEDIUM
,4%,-3.4,28.3,2.9,1.8,14.8,-22.7,WALKING MEDIUM
,5%,-3.3,28.1,3.6,2.4,16.3,-22.9,WALKING MEDIUM
,6%,-3.2,27.8,4.3,2.9,17.8,-22.8,WALKING MEDIUM
,7%,-3.1,27.3,5.0,3.3,19.1,-22.5,WALKING MEDIUM
,8%,-3.0,26.8,5.6,3.6,20.3,-22.1,WALKING MEDIUM
,9%,-2.8,26.2,6.2,3.7,21.2,-21.6,WALKING MEDIUM
,10%,-2.7,25.4,6.7,3.7,21.8,-20.9,WALKING MEDIUM
,11%,-2.6,24.6,7.0,3.6,22.2,-20.1,WALKING MEDIUM
,12%,-2.5,23.6,7.3,3.4,22.4,-19.2,WALKING MEDIUM
,13%,-2.5,22.6,7.5,3.1,22.4,-18.3,WALKING MEDIUM
,14%,-2.4,21.6,7.6,2.7,22.3,-17.5,WALKING MEDIUM
,15%,-2.4,20.5,7.6,2.2,22.0,-16.6,WALKING MEDIUM
,16%,-2.4,19.4,7.6,1.8,21.6,-15.9,WALKING MEDIUM
,17%,-2.5,18.3,7.5,1.4,21.1,-15.2,WALKING MEDIUM
,18%,-2.5,17.1,7.4,1.2,20.5,-14.6,WALKING MEDIUM
,19%,-2.6,16.0,7.3,0.9,19.9,-14.0,WALKING MEDIUM
,20%,-2.7,14.8,7.1,0.8,19.2,-13.5,WALKING MEDIUM
,21%,-2.8,13.6,6.9,0.6,18.5,-13.0,WALKING MEDIUM
,22%,-2.8,12.4,6.7,0.5,17.9,-12.6,WALKING MEDIUM
,23%,-2.9,11.2,6.5,0.3,17.2,-12.3,WALKING MEDIUM
,24%,-3.0,10.0,6.3,0.2,16.6,-11.9,WALKING MEDIUM
,25%,-3.0,8.9,6.1,0.2,15.9,-11.6,WALKING MEDIUM
,26%,-3.1,7.7,6.0,0.2,15.3,-11.2,WALKING MEDIUM
,27%,-3.1,6.5,5.8,0.2,14.6,-10.9,WALKING MEDIUM
,28%,-3.2,5.3,5.6,0.3,14.0,-10.6,WALKING MEDIUM
,29%,-3.2,4.2,5.5,0.3,13.4,-10.3,WALKING MEDIUM
,30%,-3.3,3.1,5.3,0.4,12.9,-10.0,WALKING MEDIUM
,31%,-3.3,2.0,5.2,0.5,12.4,-9.7,WALKING MEDIUM
,32%,-3.4,0.9,5.1,0.5,11.9,-9.3,WALKING MEDIUM
,33%,-3.4,-0.1,5.0,0.4,11.5,-8.9,WALKING MEDIUM
,34%,-3.5,-1.1,5.0,0.4,11.2,-8.6,WALKING MEDIUM
,35%,-3.5,-2.1,4.9,0.3,10.9,-8.2,WALKING MEDIUM
,36%,-3.6,-3.0,4.9,0.1,10.7,-7.9,WALKING MEDIUM
,37%,-3.6,-4.0,4.9,-0.1,10.5,-7.6,WALKING MEDIUM
,38%,-3.6,-4.9,4.8,-0.3,10.5,-7.3,WALKING MEDIUM
,39%,-3.7,-5.8,4.8,-0.5,10.6,-7.0,WALKING MEDIUM
,40%,-3.7,-6.6,4.8,-0.8,10.8,-6.8,WALKING MEDIUM
,41%,-3.6,-7.4,4.8,-1.1,11.1,-6.6,WALKING MEDIUM
,42%,-3.6,-8.2,4.7,-1.4,11.5,-6.6,WALKING MEDIUM
,43%,-3.6,-8.9,4.6,-1.7,12.0,-6.6,WALKING MEDIUM
,44%,-3.6,-9.6,4.5,-2.1,12.6,-6.8,WALKING MEDIUM
,45%,-3.5,-10.2,4.4,-2.5,13.4,-7.1,WALKING MEDIUM
,46%,-3.5,-10.8,4.2,-2.9,14.3,-7.6,WALKING MEDIUM
,47%,-3.5,-11.3,3.9,-3.2,15.4,-8.4,WALKING MEDIUM
,48%,-3.4,-11.6,3.6,-3.6,16.6,-9.4,WALKING MEDIUM
,49%,-3.4,-11.9,3.2,-3.9,18.0,-10.7,WALKING MEDIUM
,50%,-3.4,-12.1,2.8,-4.2,19.5,-12.2,WALKING MEDIUM
,51%,-3.3,-12.1,2.3,-4.5,21.2,-14.0,WALKING MEDIUM
,52%,-3.3,-12.0,1.7,-4.8,23.1,-16.1,WALKING MEDIUM
,53%,-3.2,-11.7,1.1,-5.0,25.3,-18.4,WALKING MEDIUM
,54%,-3.1,-11.3,0.4,-5.3,27.6,-20.9,WALKING MEDIUM
,55%,-3.1,-10.6,-0.3,-5.5,30.1,-23.5,WALKING MEDIUM
,56%,-2.9,-9.8,-1.1,-5.6,32.8,-26.1,WALKING MEDIUM
,57%,-2.8,-8.8,-1.8,-5.7,35.7,-28.8,WALKING MEDIUM
,58%,-2.7,-7.6,-2.5,-5.7,38.7,-31.3,WALKING MEDIUM
,59%,-2.6,-6.2,-3.1,-5.8,41.8,-33.4,WALKING MEDIUM
,60%,-2.5,-4.7,-3.7,-5.8,44.9,-35.1,WALKING MEDIUM
,61%,-2.4,-3.0,-4.1,-5.7,48.1,-36.1,WALKING MEDIUM
,62%,-2.3,-1.1,-4.4,-5.6,51.2,-36.5,WALKING MEDIUM
,63%,-2.3,0.7,-4.6,-5.3,54.1,-36.4,WALKING MEDIUM
,64%,-2.3,2.7,-4.7,-4.9,56.8,-35.8,WALKING MEDIUM
,65%,-2.3,4.7,-4.7,-4.4,59.3,-34.9,WALKING MEDIUM
,66%,-2.3,6.6,-4.5,-3.8,61.4,-33.6,WALKING MEDIUM
,67%,-2.3,8.6,-4.3,-3.2,63.1,-32.2,WALKING MEDIUM
,68%,-2.4,10.6,-4.0,-2.5,64.4,-30.5,WALKING MEDIUM
,69%,-2.5,12.4,-3.6,-2.0,65.4,-28.8,WALKING MEDIUM
,70%,-2.6,14.3,-3.2,-1.6,66.0,-27.1,WALKING MEDIUM
,71%,-2.6,16.1,-2.8,-1.2,66.2,-25.5,WALKING MEDIUM
,72%,-2.7,17.7,-2.4,-1.0,66.1,-24.0,WALKING MEDIUM
,73%,-2.8,19.3,-2.0,-0.7,65.7,-22.6,WALKING MEDIUM
,74%,-2.9,20.9,-1.6,-0.6,64.9,-21.4,WALKING MEDIUM
,75%,-2.9,22.3,-1.2,-0.4,63.8,-20.3,WALKING MEDIUM
,76%,-3.0,23.7,-0.9,-0.3,62.5,-19.5,WALKING MEDIUM
,77%,-3.0,24.9,-0.6,-0.2,60.9,-18.8,WALKING MEDIUM
,78%,-3.1,26.1,-0.3,-0.1,59.0,-18.2,WALKING MEDIUM
,79%,-3.2,27.1,-0.1,0.0,56.9,-17.8,WALKING MEDIUM
,80%,-3.2,28.0,0.2,0.2,54.5,-17.4,WALKING MEDIUM
,81%,-3.2,28.8,0.3,0.3,51.9,-17.0,WALKING MEDIUM
,82%,-3.3,29.5,0.5,0.5,49.1,-16.7,WALKING MEDIUM
,83%,-3.3,30.0,0.6,0.6,46.1,-16.5,WALKING MEDIUM
,84%,-3.3,30.4,0.7,0.7,42.8,-16.3,WALKING MEDIUM
,85%,-3.3,30.7,0.7,0.7,39.4,-16.2,WALKING MEDIUM
,86%,-3.3,30.9,0.6,0.6,35.9,-16.3,WALKING MEDIUM
,87%,-3.4,30.9,0.6,0.4,32.2,-16.3,WALKING MEDIUM
,88%,-3.4,30.8,0.5,0.1,28.6,-16.5,WALKING MEDIUM
,89%,-3.4,30.7,0.4,-0.2,25.0,-16.7,WALKING MEDIUM
,90%,-3.4,30.4,0.2,-0.5,21.5,-16.9,WALKING MEDIUM
,91%,-3.4,30.2,0.0,-0.8,18.2,-17.3,WALKING MEDIUM
,92%,-3.3,29.8,-0.2,-1.1,15.2,-17.6,WALKING MEDIUM
,93%,-3.3,29.5,-0.4,-1.2,12.5,-17.9,WALKING MEDIUM
,94%,-3.3,29.1,-0.5,-1.3,10.3,-18.3,WALKING MEDIUM
,95%,-3.3,28.8,-0.7,-1.2,8.5,-18.6,WALKING MEDIUM
,96%,-3.2,28.5,-0.8,-1.0,7.3,-18.9,WALKING MEDIUM
,97%,-3.2,28.3,-0.8,-0.6,6.7,-19.4,WALKING MEDIUM
,98%,-3.2,28.2,-0.7,-0.3,6.5,-19.7,WALKING MEDIUM
,99%,-3.1,28.1,-0.5,0.1,7.1,-20.0,WALKING MEDIUM
,100%,-3.0,28.1,-0.2,0.4,8.0,-20.2,WALKING MEDIUM
WALKING FAST,0%,-4.4,32.7,1.2,-3.1,11.3,-20.0,WALKING FAST
,1%,-4.4,32.6,1.7,-2.9,12.7,-20.6,WALKING FAST
,2%,-4.3,32.5,2.2,-2.6,14.1,-21.4,WALKING FAST
,3%,-4.3,32.4,2.8,-2.2,15.7,-22.0,WALKING FAST
,4%,-4.2,32.2,3.4,-1.7,17.4,-22.4,WALKING FAST
,5%,-4.1,32.0,4.1,-1.2,19.2,-22.4,WALKING FAST
,6%,-4.0,31.8,4.8,-0.7,21.0,-22.3,WALKING FAST
,7%,-3.9,31.4,5.6,-0.4,22.6,-21.8,WALKING FAST
,8%,-3.7,30.9,6.3,0.0,24.0,-21.2,WALKING FAST
,9%,-3.6,30.2,6.9,0.2,25.0,-20.6,WALKING FAST
,10%,-3.5,29.4,7.5,0.3,25.8,-19.8,WALKING FAST
,11%,-3.4,28.5,8.0,0.3,26.2,-19.0,WALKING FAST
,12%,-3.3,27.4,8.4,0.3,26.4,-18.1,WALKING FAST
,13%,-3.3,26.2,8.7,0.2,26.2,-17.3,WALKING FAST
,14%,-3.3,25.0,8.9,0.1,25.9,-16.5,WALKING FAST
,15%,-3.4,23.7,8.9,-0.1,25.3,-15.6,WALKING FAST
,16%,-3.5,22.4,9.0,-0.3,24.6,-14.9,WALKING FAST
,17%,-3.6,21.0,8.9,-0.6,23.7,-14.1,WALKING FAST
,18%,-3.7,19.6,8.9,-0.9,22.8,-13.5,WALKING FAST
,19%,-3.9,18.1,8.7,-1.3,21.8,-12.9,WALKING FAST
,20%,-4.0,16.7,8.5,-1.6,20.7,-12.4,WALKING FAST
,21%,-4.2,15.2,8.3,-1.8,19.6,-12.0,WALKING FAST
,22%,-4.3,13.7,8.1,-2.0,18.5,-11.7,WALKING FAST
,23%,-4.5,12.2,7.8,-2.2,17.4,-11.4,WALKING FAST
,24%,-4.6,10.7,7.6,-2.2,16.3,-11.1,WALKING FAST
,25%,-4.7,9.2,7.3,-2.3,15.3,-10.9,WALKING FAST
,26%,-4.7,7.7,7.1,-2.3,14.3,-10.7,WALKING FAST
,27%,-4.8,6.3,6.8,-2.2,13.4,-10.4,WALKING FAST
,28%,-4.8,4.8,6.5,-2.1,12.5,-10.2,WALKING FAST
,29%,-4.9,3.4,6.3,-2.0,11.6,-10.0,WALKING FAST
,30%,-4.9,2.0,6.1,-2.0,10.8,-9.8,WALKING FAST
,31%,-4.8,0.5,6.0,-1.9,10.1,-9.5,WALKING FAST
,32%,-4.8,-0.8,5.9,-1.8,9.5,-9.2,WALKING FAST
,33%,-4.8,-2.2,5.7,-1.7,9.0,-8.8,WALKING FAST
,34%,-4.7,-3.5,5.7,-1.7,8.5,-8.4,WALKING FAST
,35%,-4.7,-4.7,5.6,-1.7,8.2,-8.1,WALKING FAST
,36%,-4.6,-5.9,5.6,-1.7,7.9,-7.7,WALKING FAST
,37%,-4.6,-7.0,5.5,-1.8,7.8,-7.4,WALKING FAST
,38%,-4.6,-8.1,5.5,-1.9,7.8,-7.2,WALKING FAST
,39%,-4.6,-9.2,5.4,-2.1,7.9,-7.1,WALKING FAST
,40%,-4.5,-10.2,5.4,-2.4,8.1,-7.1,WALKING FAST
,41%,-4.5,-11.1,5.3,-2.7,8.4,-7.2,WALKING FAST
,42%,-4.5,-11.9,5.2,-3.3,8.9,-7.4,WALKING FAST
,43%,-4.6,-12.7,5.1,-3.8,9.5,-7.9,WALKING FAST
,44%,-4.6,-13.3,4.9,-4.3,10.2,-8.6,WALKING FAST
,45%,-4.6,-14.0,4.6,-4.9,11.1,-9.5,WALKING FAST
,46%,-4.6,-14.5,4.3,-5.4,12.2,-10.6,WALKING FAST
,47%,-4.5,-14.9,4.0,-5.9,13.4,-12.0,WALKING FAST
,48%,-4.5,-15.2,3.7,-6.4,14.9,-13.6,WALKING FAST
,49%,-4.5,-15.3,3.2,-6.9,16.5,-15.5,WALKING FAST
,50%,-4.4,-15.4,2.8,-7.3,18.4,-17.6,WALKING FAST
,51%,-4.3,-15.2,2.2,-7.7,20.4,-19.8,WALKING FAST
,52%,-4.2,-14.9,1.7,-8.0,22.7,-22.2,WALKING FAST
,53%,-4.2,-14.3,1.1,-8.3,25.3,-24.6,WALKING FAST
,54%,-4.1,-13.6,0.4,-8.6,28.0,-27.1,WALKING FAST
,55%,-3.9,-12.7,-0.3,-8.8,30.9,-29.5,WALKING FAST
,56%,-3.8,-11.6,-1.0,-8.9,34.0,-31.8,WALKING FAST
,57%,-3.6,-10.4,-1.7,-8.9,37.2,-33.8,WALKING FAST
,58%,-3.4,-8.9,-2.4,-8.8,40.5,-35.2,WALKING FAST
,59%,-3.3,-7.4,-3.1,-8.7,43.8,-36.2,WALKING FAST
,60%,-3.1,-5.7,-3.6,-8.4,47.2,-36.6,WALKING FAST
,61%,-3.0,-3.9,-4.1,-8.0,50.5,-36.5,WALKING FAST
,62%,-2.8,-2.0,-4.4,-7.5,53.6,-36.1,WALKING FAST
,63%,-2.8,0.1,-4.6,-7.0,56.5,-35.3,WALKING FAST
,64%,-2.8,2.2,-4.7,-6.4,59.1,-34.3,WALKING FAST
,65%,-2.8,4.3,-4.7,-5.8,61.4,-33.1,WALKING FAST
,66%,-2.9,6.5,-4.6,-5.2,63.2,-31.8,WALKING FAST
,67%,-3.0,8.7,-4.3,-4.7,64.7,-30.2,WALKING FAST
,68%,-3.1,10.9,-4.0,-4.4,65.9,-28.5,WALKING FAST
,69%,-3.3,13.0,-3.6,-4.1,66.6,-26.8,WALKING FAST
,70%,-3.4,15.1,-3.1,-4.0,67.0,-25.2,WALKING FAST
,71%,-3.6,17.1,-2.6,-4.0,67.0,-23.7,WALKING FAST
,72%,-3.7,19.0,-2.1,-4.0,66.7,-22.3,WALKING FAST
,73%,-3.8,20.7,-1.6,-4.0,66.0,-21.1,WALKING FAST
,74%,-3.9,22.4,-1.2,-4.1,65.0,-20.1,WALKING FAST
,75%,-4.0,23.9,-0.8,-4.1,63.7,-19.2,WALKING FAST
,76%,-4.0,25.3,-0.4,-4.2,62.1,-18.6,WALKING FAST
,77%,-4.1,26.6,0.0,-4.2,60.3,-18.0,WALKING FAST
,78%,-4.1,27.7,0.3,-4.1,58.3,-17.5,WALKING FAST
,79%,-4.2,28.8,0.6,-4.0,56.0,-17.1,WALKING FAST
,80%,-4.2,29.7,0.8,-3.8,53.5,-16.7,WALKING FAST
,81%,-4.1,30.4,0.9,-3.6,50.7,-16.4,WALKING FAST
,82%,-4.1,31.0,1.1,-3.3,47.7,-16.0,WALKING FAST
,83%,-4.0,31.5,1.1,-3.1,44.6,-15.7,WALKING FAST
,84%,-4.0,31.8,1.1,-2.8,41.2,-15.4,WALKING FAST
,85%,-3.9,32.0,1.1,-2.5,37.7,-15.2,WALKING FAST
,86%,-3.9,32.1,1.0,-2.2,34.0,-15.1,WALKING FAST
,87%,-3.8,32.1,0.9,-2.0,30.4,-15.0,WALKING FAST
,88%,-3.8,32.2,0.7,-2.0,26.8,-15.1,WALKING FAST
,89%,-3.8,32.1,0.5,-2.0,23.3,-15.3,WALKING FAST
,90%,-3.8,32.0,0.3,-2.0,20.0,-15.6,WALKING FAST
,91%,-3.8,31.9,0.2,-2.0,17.0,-15.9,WALKING FAST
,92%,-3.8,31.7,0.0,-2.0,14.2,-16.3,WALKING FAST
,93%,-3.9,31.6,-0.1,-2.1,11.9,-16.7,WALKING FAST
,94%,-3.9,31.5,-0.2,-2.1,10.0,-17.1,WALKING FAST
,95%,-3.9,31.5,-0.3,-2.1,8.8,-17.6,WALKING FAST
,96%,-4.0,31.5,-0.3,-2.0,8.0,-18.1,WALKING FAST
,97%,-4.0,31.5,-0.2,-1.9,7.9,-18.6,WALKING FAST
,98%,-3.9,31.6,-0.1,-1.8,8.1,-19.0,WALKING FAST
,99%,-3.9,31.6,0.1,-1.7,9.1,-19.2,WALKING FAST
,100%,-3.8,31.7,0.4,-1.7,10.1,-19.6,WALKING FAST
WALKING ON TOES,0%,-6.5,27.2,0.6,-2.6,12.2,-46.4,WALKING ON TOES
,1%,-6.4,27.0,0.8,-2.7,13.7,-44.6,WALKING ON TOES
,2%,-6.3,26.8,1.0,-2.8,15.2,-42.6,WALKING ON TOES
,3%,-6.3,26.4,1.3,-2.7,16.7,-40.4,WALKING ON TOES
,4%,-6.2,26.0,1.5,-2.5,18.0,-38.3,WALKING ON TOES
,5%,-6.2,25.5,1.8,-2.3,19.1,-36.4,WALKING ON TOES
,6%,-6.2,24.8,2.1,-2.1,20.0,-34.6,WALKING ON TOES
,7%,-6.1,24.1,2.3,-1.9,20.7,-33.1,WALKING ON TOES
,8%,-6.1,23.4,2.6,-1.7,21.2,-31.9,WALKING ON TOES
,9%,-6.1,22.6,2.8,-1.6,21.6,-30.9,WALKING ON TOES
,10%,-6.1,21.8,3.0,-1.5,21.9,-30.1,WALKING ON TOES
,11%,-6.0,20.9,3.2,-1.5,22.0,-29.7,WALKING ON TOES
,12%,-6.0,20.1,3.3,-1.6,21.9,-29.4,WALKING ON TOES
,13%,-6.0,19.2,3.3,-1.8,21.8,-29.3,WALKING ON TOES
,14%,-6.0,18.3,3.4,-2.1,21.6,-29.4,WALKING ON TOES
,15%,-6.0,17.5,3.3,-2.5,21.4,-29.6,WALKING ON TOES
,16%,-6.0,16.6,3.3,-2.9,21.1,-29.9,WALKING ON TOES
,17%,-6.0,15.8,3.3,-3.3,20.7,-30.2,WALKING ON TOES
,18%,-6.0,14.9,3.2,-3.7,20.3,-30.6,WALKING ON TOES
,19%,-6.0,14.0,3.1,-3.9,19.9,-31.0,WALKING ON TOES
,20%,-6.0,13.2,3.0,-4.2,19.3,-31.5,WALKING ON TOES
,21%,-6.1,12.3,2.9,-4.3,18.8,-31.9,WALKING ON TOES
,22%,-6.1,11.4,2.8,-4.4,18.2,-32.3,WALKING ON TOES
,23%,-6.1,10.5,2.6,-4.4,17.7,-32.7,WALKING ON TOES
,24%,-6.2,9.7,2.5,-4.4,17.1,-33.2,WALKING ON TOES
,25%,-6.3,8.8,2.4,-4.3,16.6,-33.6,WALKING ON TOES
,26%,-6.3,7.9,2.2,-4.2,16.0,-33.9,WALKING ON TOES
,27%,-6.4,7.1,2.1,-4.1,15.4,-34.2,WALKING ON TOES
,28%,-6.5,6.2,1.9,-4.0,14.8,-34.5,WALKING ON TOES
,29%,-6.6,5.4,1.8,-3.9,14.3,-34.7,WALKING ON TOES
,30%,-6.6,4.5,1.7,-3.9,13.8,-34.8,WALKING ON TOES
,31%,-6.7,3.7,1.6,-3.8,13.3,-34.9,WALKING ON TOES
,32%,-6.7,2.9,1.6,-3.8,12.9,-34.9,WALKING ON TOES
,33%,-6.8,2.1,1.5,-3.9,12.4,-34.8,WALKING ON TOES
,34%,-6.8,1.2,1.4,-4.0,12.1,-34.7,WALKING ON TOES
,35%,-6.9,0.4,1.4,-4.1,11.7,-34.5,WALKING ON TOES
,36%,-6.9,-0.4,1.3,-4.2,11.4,-34.3,WALKING ON TOES
,37%,-7.0,-1.2,1.3,-4.3,11.1,-34.0,WALKING ON TOES
,38%,-7.0,-1.9,1.3,-4.4,10.9,-33.8,WALKING ON TOES
,39%,-7.1,-2.7,1.2,-4.4,10.7,-33.5,WALKING ON TOES
,40%,-7.1,-3.4,1.2,-4.5,10.5,-33.3,WALKING ON TOES
,41%,-7.2,-4.1,1.1,-4.6,10.5,-33.1,WALKING ON TOES
,42%,-7.2,-4.8,1.0,-4.7,10.4,-32.9,WALKING ON TOES
,43%,-7.2,-5.5,0.9,-4.7,10.5,-32.8,WALKING ON TOES
,44%,-7.3,-6.2,0.8,-4.8,10.5,-32.7,WALKING ON TOES
,45%,-7.3,-6.9,0.7,-4.9,10.7,-32.8,WALKING ON TOES
,46%,-7.2,-7.6,0.5,-5.0,10.9,-33.1,WALKING ON TOES
,47%,-7.2,-8.3,0.3,-5.1,11.2,-33.4,WALKING ON TOES
,48%,-7.1,-8.9,0.1,-5.3,11.6,-34.0,WALKING ON TOES
,49%,-7.0,-9.4,-0.2,-5.5,12.1,-34.7,WALKING ON TOES
,50%,-6.9,-9.9,-0.5,-5.8,12.7,-35.6,WALKING ON TOES
,51%,-6.9,-10.3,-0.8,-6.0,13.5,-36.8,WALKING ON TOES
,52%,-6.8,-10.6,-1.1,-6.3,14.4,-38.1,WALKING ON TOES
,53%,-6.7,-10.7,-1.5,-6.5,15.6,-39.6,WALKING ON TOES
,54%,-6.6,-10.6,-1.8,-6.6,17.0,-41.1,WALKING ON TOES
,55%,-6.5,-10.3,-2.2,-6.7,18.6,-42.8,WALKING ON TOES
,56%,-6.5,-9.7,-2.6,-6.8,20.5,-44.4,WALKING ON TOES
,57%,-6.5,-9.0,-3.0,-6.9,22.7,-45.9,WALKING ON TOES
,58%,-6.4,-8.1,-3.3,-6.9,25.2,-47.2,WALKING ON TOES
,59%,-6.4,-6.9,-3.7,-6.8,27.8,-48.2,WALKING ON TOES
,60%,-6.4,-5.6,-4.0,-6.6,30.6,-48.9,WALKING ON TOES
,61%,-6.4,-4.2,-4.2,-6.4,33.4,-49.2,WALKING ON TOES
,62%,-6.4,-2.6,-4.4,-6.1,36.3,-49.2,WALKING ON TOES
,63%,-6.4,-1.0,-4.4,-5.7,39.1,-48.7,WALKING ON TOES
,64%,-6.4,0.7,-4.5,-5.2,41.8,-47.9,WALKING ON TOES
,65%,-6.4,2.4,-4.4,-4.7,44.3,-46.8,WALKING ON TOES
,66%,-6.4,4.1,-4.3,-4.1,46.4,-45.3,WALKING ON TOES
,67%,-6.5,5.8,-4.1,-3.6,48.2,-43.7,WALKING ON TOES
,68%,-6.5,7.4,-3.9,-3.1,49.7,-41.9,WALKING ON TOES
,69%,-6.5,9.0,-3.6,-2.6,50.8,-40.0,WALKING ON TOES
,70%,-6.5,10.6,-3.3,-2.2,51.5,-38.2,WALKING ON TOES
,71%,-6.6,12.1,-2.9,-1.9,51.9,-36.4,WALKING ON TOES
,72%,-6.6,13.5,-2.6,-1.6,51.9,-34.7,WALKING ON TOES
,73%,-6.6,14.9,-2.2,-1.3,51.7,-33.1,WALKING ON TOES
,74%,-6.7,16.3,-1.8,-1.1,51.1,-31.8,WALKING ON TOES
,75%,-6.8,17.6,-1.4,-0.9,50.2,-30.6,WALKING ON TOES
,76%,-6.8,18.9,-1.1,-0.6,49.0,-29.5,WALKING ON TOES
,77%,-6.9,20.0,-0.7,-0.5,47.6,-28.8,WALKING ON TOES
,78%,-7.0,21.1,-0.4,-0.4,45.9,-28.3,WALKING ON TOES
,79%,-7.0,22.1,-0.1,-0.4,44.1,-28.0,WALKING ON TOES
,80%,-7.1,23.0,0.2,-0.3,42.1,-27.8,WALKING ON TOES
,81%,-7.1,23.8,0.5,-0.2,39.8,-27.9,WALKING ON TOES
,82%,-7.2,24.5,0.7,-0.2,37.4,-28.2,WALKING ON TOES
,83%,-7.2,25.1,0.8,-0.2,34.8,-28.7,WALKING ON TOES
,84%,-7.2,25.5,1.0,-0.2,32.1,-29.4,WALKING ON TOES
,85%,-7.2,25.9,1.1,-0.2,29.3,-30.3,WALKING ON TOES
,86%,-7.2,26.2,1.1,-0.2,26.4,-31.5,WALKING ON TOES
,87%,-7.2,26.4,1.2,-0.2,23.5,-33.0,WALKING ON TOES
,88%,-7.2,26.5,1.2,-0.2,20.6,-34.7,WALKING ON TOES
,89%,-7.2,26.6,1.1,-0.2,17.8,-36.6,WALKING ON TOES
,90%,-7.2,26.7,1.0,-0.2,15.2,-38.7,WALKING ON TOES
,91%,-7.2,26.7,0.9,-0.2,12.8,-40.7,WALKING ON TOES
,92%,-7.2,26.7,0.8,-0.3,10.8,-42.7,WALKING ON TOES
,93%,-7.2,26.8,0.7,-0.4,9.3,-44.5,WALKING ON TOES
,94%,-7.2,26.8,0.6,-0.5,8.2,-45.9,WALKING ON TOES
,95%,-7.1,26.9,0.5,-0.8,7.7,-46.9,WALKING ON TOES
,96%,-7.0,26.9,0.5,-1.1,7.8,-47.6,WALKING ON TOES
,97%,-7.0,27.0,0.5,-1.4,8.3,-47.8,WALKING ON TOES
,98%,-6.9,27.0,0.6,-1.7,9.2,-47.5,WALKING ON TOES
,99%,-6.7,27.0,0.7,-2.1,10.5,-46.6,WALKING ON TOES
,100%,-6.6,26.9,0.8,-2.4,11.9,-45.3,WALKING ON TOES
WALKING ON HEELS,0%,-7.9,26.8,-3.5,0.9,9.3,-8.5,WALKING ON HEELS
,1%,-7.8,26.5,-3.5,1.0,9.7,-8.9,WALKING ON HEELS
,2%,-7.7,26.2,-3.4,1.1,10.0,-9.4,WALKING ON HEELS
,3%,-7.7,25.9,-3.2,1.2,10.4,-10.0,WALKING ON HEELS
,4%,-7.6,25.7,-3.0,1.2,11.0,-10.5,WALKING ON HEELS
,5%,-7.6,25.5,-2.6,1.1,11.6,-10.9,WALKING ON HEELS
,6%,-7.5,25.2,-2.2,1.1,12.3,-11.2,WALKING ON HEELS
,7%,-7.4,25.0,-1.8,0.8,13.0,-11.5,WALKING ON HEELS
,8%,-7.4,24.8,-1.4,0.5,13.7,-11.7,WALKING ON HEELS
,9%,-7.3,24.5,-1.0,0.3,14.2,-11.9,WALKING ON HEELS
,10%,-7.2,24.2,-0.7,0.1,14.6,-12.0,WALKING ON HEELS
,11%,-7.1,23.7,-0.4,0.1,14.9,-12.0,WALKING ON HEELS
,12%,-7.1,23.3,-0.2,0.1,15.0,-11.9,WALKING ON HEELS
,13%,-7.1,22.7,0.0,0.1,15.0,-11.9,WALKING ON HEELS
,14%,-7.1,22.2,0.1,0.1,14.9,-11.8,WALKING ON HEELS
,15%,-7.1,21.6,0.1,0.1,14.8,-11.6,WALKING ON HEELS
,16%,-7.1,21.1,0.2,0.0,14.6,-11.4,WALKING ON HEELS
,17%,-7.2,20.5,0.1,0.0,14.3,-11.1,WALKING ON HEELS
,18%,-7.2,19.9,0.1,0.0,14.0,-10.9,WALKING ON HEELS
,19%,-7.3,19.3,0.0,0.2,13.6,-10.6,WALKING ON HEELS
,20%,-7.4,18.7,0.0,0.3,13.2,-10.4,WALKING ON HEELS
,21%,-7.5,18.2,-0.1,0.5,12.7,-10.2,WALKING ON HEELS
,22%,-7.6,17.6,-0.2,0.7,12.3,-9.9,WALKING ON HEELS
,23%,-7.8,17.1,-0.3,0.8,11.8,-9.8,WALKING ON HEELS
,24%,-7.9,16.5,-0.3,1.0,11.4,-9.6,WALKING ON HEELS
,25%,-8.0,16.0,-0.3,1.1,11.1,-9.4,WALKING ON HEELS
,26%,-8.1,15.5,-0.3,1.2,10.7,-9.3,WALKING ON HEELS
,27%,-8.2,15.1,-0.3,1.3,10.4,-9.1,WALKING ON HEELS
,28%,-8.3,14.6,-0.3,1.3,10.1,-9.0,WALKING ON HEELS
,29%,-8.4,14.1,-0.3,1.3,9.8,-8.9,WALKING ON HEELS
,30%,-8.5,13.7,-0.2,1.3,9.6,-8.8,WALKING ON HEELS
,31%,-8.6,13.3,-0.2,1.4,9.4,-8.6,WALKING ON HEELS
,32%,-8.6,12.8,-0.1,1.4,9.2,-8.5,WALKING ON HEELS
,33%,-8.7,12.4,0.0,1.4,9.0,-8.4,WALKING ON HEELS
,34%,-8.8,12.0,0.1,1.4,8.9,-8.3,WALKING ON HEELS
,35%,-8.8,11.5,0.2,1.5,8.7,-8.2,WALKING ON HEELS
,36%,-8.9,11.1,0.3,1.5,8.6,-8.0,WALKING ON HEELS
,37%,-8.9,10.6,0.4,1.6,8.5,-7.9,WALKING ON HEELS
,38%,-8.9,10.1,0.5,1.7,8.4,-7.8,WALKING ON HEELS
,39%,-9.0,9.6,0.6,1.8,8.3,-7.7,WALKING ON HEELS
,40%,-9.0,9.0,0.8,2.0,8.2,-7.5,WALKING ON HEELS
,41%,-9.0,8.5,0.9,2.1,8.1,-7.4,WALKING ON HEELS
,42%,-9.0,7.9,1.0,2.1,8.0,-7.3,WALKING ON HEELS
,43%,-8.9,7.3,1.1,2.2,7.9,-7.2,WALKING ON HEELS
,44%,-8.9,6.6,1.1,2.2,7.8,-7.0,WALKING ON HEELS
,45%,-8.8,6.0,1.2,2.2,7.8,-6.8,WALKING ON HEELS
,46%,-8.8,5.3,1.2,2.1,7.8,-6.6,WALKING ON HEELS
,47%,-8.7,4.6,1.2,2.0,7.9,-6.4,WALKING ON HEELS
,48%,-8.6,4.0,1.2,1.8,8.1,-6.1,WALKING ON HEELS
,49%,-8.5,3.4,1.1,1.6,8.4,-5.8,WALKING ON HEELS
,50%,-8.4,2.9,1.0,1.4,8.9,-5.5,WALKING ON HEELS
,51%,-8.3,2.5,0.8,1.1,9.5,-5.1,WALKING ON HEELS
,52%,-8.2,2.2,0.6,0.9,10.4,-4.6,WALKING ON HEELS
,53%,-8.1,2.1,0.4,0.7,11.4,-4.1,WALKING ON HEELS
,54%,-8.1,2.0,0.2,0.5,12.7,-3.6,WALKING ON HEELS
,55%,-8.0,2.2,-0.1,0.4,14.2,-3.1,WALKING ON HEELS
,56%,-7.9,2.5,-0.3,0.3,15.9,-2.7,WALKING ON HEELS
,57%,-7.8,2.9,-0.4,0.3,17.8,-2.2,WALKING ON HEELS
,58%,-7.7,3.5,-0.5,0.3,19.7,-1.9,WALKING ON HEELS
,59%,-7.7,4.1,-0.6,0.4,21.8,-1.5,WALKING ON HEELS
,60%,-7.6,4.9,-0.7,0.5,23.8,-1.3,WALKING ON HEELS
,61%,-7.6,5.8,-0.7,0.6,25.8,-1.1,WALKING ON HEELS
,62%,-7.5,6.8,-0.7,0.8,27.6,-0.9,WALKING ON HEELS
,63%,-7.5,7.8,-0.5,1.1,29.4,-0.8,WALKING ON HEELS
,64%,-7.5,8.8,-0.4,1.4,31.0,-0.7,WALKING ON HEELS
,65%,-7.5,10.0,-0.2,1.7,32.4,-0.7,WALKING ON HEELS
,66%,-7.6,11.1,0.1,2.0,33.7,-0.8,WALKING ON HEELS
,67%,-7.6,12.2,0.4,2.3,34.6,-0.8,WALKING ON HEELS
,68%,-7.7,13.4,0.7,2.7,35.4,-0.8,WALKING ON HEELS
,69%,-7.7,14.6,1.1,3.0,36.0,-0.8,WALKING ON HEELS
,70%,-7.8,15.7,1.4,3.3,36.3,-0.9,WALKING ON HEELS
,71%,-7.9,16.9,1.7,3.7,36.5,-0.9,WALKING ON HEELS
,72%,-8.0,18.0,2.0,4.0,36.4,-0.9,WALKING ON HEELS
,73%,-8.1,19.1,2.2,4.3,36.2,-0.9,WALKING ON HEELS
,74%,-8.2,20.2,2.5,4.6,35.8,-1.0,WALKING ON HEELS
,75%,-8.3,21.3,2.6,4.9,35.3,-1.1,WALKING ON HEELS
,76%,-8.4,22.4,2.7,5.1,34.7,-1.2,WALKING ON HEELS
,77%,-8.4,23.4,2.8,5.2,33.9,-1.3,WALKING ON HEELS
,78%,-8.5,24.4,2.9,5.4,33.1,-1.4,WALKING ON HEELS
,79%,-8.6,25.3,2.8,5.5,32.1,-1.6,WALKING ON HEELS
,80%,-8.7,26.2,2.8,5.5,31.1,-1.8,WALKING ON HEELS
,81%,-8.7,27.1,2.7,5.5,30.0,-2.1,WALKING ON HEELS
,82%,-8.8,27.8,2.5,5.5,28.7,-2.4,WALKING ON HEELS
,83%,-8.8,28.5,2.3,5.5,27.4,-2.7,WALKING ON HEELS
,84%,-8.9,29.1,2.0,5.3,25.9,-3.0,WALKING ON HEELS
,85%,-8.9,29.6,1.7,5.2,24.4,-3.3,WALKING ON HEELS
,86%,-9.0,29.9,1.3,4.9,22.8,-3.6,WALKING ON HEELS
,87%,-9.0,30.2,0.9,4.6,21.2,-3.9,WALKING ON HEELS
,88%,-9.0,30.4,0.4,4.3,19.6,-4.3,WALKING ON HEELS
,89%,-9.0,30.5,0.0,3.9,18.1,-4.7,WALKING ON HEELS
,90%,-9.0,30.5,-0.5,3.5,16.6,-5.1,WALKING ON HEELS
,91%,-8.9,30.4,-1.0,3.1,15.2,-5.5,WALKING ON HEELS
,92%,-8.9,30.3,-1.4,2.8,14.0,-5.8,WALKING ON HEELS
,93%,-8.9,30.0,-1.9,2.5,12.8,-6.2,WALKING ON HEELS
,94%,-8.8,29.8,-2.3,2.3,11.8,-6.6,WALKING ON HEELS
,95%,-8.8,29.4,-2.7,2.1,11.0,-6.9,WALKING ON HEELS
,96%,-8.7,29.1,-3.0,2.0,10.4,-7.3,WALKING ON HEELS
,97%,-8.7,28.7,-3.3,1.9,10.0,-7.6,WALKING ON HEELS
,98%,-8.6,28.3,-3.6,1.8,9.7,-8.0,WALKING ON HEELS
,99%,-8.6,28.0,-3.7,1.7,9.7,-8.4,WALKING ON HEELS
,100%,-8.8,27.6,-3.8,1.7,9.8,-8.8,WALKING ON HEELS
STAIRCASE ASCENDING,0%,-3.3,63.8,4.0,0.4,69.3,-14.5,STAIRCASE ASCENDING
,1%,-3.7,63.4,4.3,0.7,69.2,-13.7,STAIRCASE ASCENDING
,2%,-4.1,63.2,4.6,0.9,69.3,-12.7,STAIRCASE ASCENDING
,3%,-4.6,62.9,5.0,1.1,69.6,-11.7,STAIRCASE ASCENDING
,4%,-5.1,62.8,5.4,1.1,69.8,-10.7,STAIRCASE ASCENDING
,5%,-5.6,62.6,5.8,0.8,70.0,-9.8,STAIRCASE ASCENDING
,6%,-6.1,62.2,6.2,0.5,70.0,-8.9,STAIRCASE ASCENDING
,7%,-6.5,61.8,6.6,0.1,69.9,-8.1,STAIRCASE ASCENDING
,8%,-7.0,61.1,7.0,-0.3,69.5,-7.2,STAIRCASE ASCENDING
,9%,-7.4,60.2,7.3,-0.7,68.9,-6.5,STAIRCASE ASCENDING
,10%,-7.8,59.3,7.6,-0.8,68.1,-5.9,STAIRCASE ASCENDING
,11%,-8.2,58.1,7.8,-0.8,67.1,-5.3,STAIRCASE ASCENDING
,12%,-8.6,56.9,7.9,-0.5,65.9,-4.9,STAIRCASE ASCENDING
,13%,-8.9,55.6,8.0,-0.1,64.6,-4.6,STAIRCASE ASCENDING
,14%,-9.2,54.2,8.0,0.4,63.2,-4.3,STAIRCASE ASCENDING
,15%,-9.4,52.7,7.9,0.8,61.7,-4.1,STAIRCASE ASCENDING
,16%,-9.6,51.2,7.8,1.2,60.2,-4.0,STAIRCASE ASCENDING
,17%,-9.7,49.7,7.6,1.6,58.7,-3.9,STAIRCASE ASCENDING
,18%,-9.8,48.1,7.4,1.8,57.0,-3.8,STAIRCASE ASCENDING
,19%,-9.8,46.4,7.1,2.0,55.4,-3.8,STAIRCASE ASCENDING
,20%,-9.7,44.7,6.7,2.0,53.7,-3.9,STAIRCASE ASCENDING
,21%,-9.6,42.9,6.3,2.0,51.9,-4.0,STAIRCASE ASCENDING
,22%,-9.6,41.2,5.8,1.9,50.1,-4.2,STAIRCASE ASCENDING
,23%,-9.5,39.4,5.3,1.7,48.3,-4.5,STAIRCASE ASCENDING
,24%,-9.4,37.6,4.8,1.5,46.5,-4.7,STAIRCASE ASCENDING
,25%,-9.2,35.9,4.3,1.3,44.6,-5.1,STAIRCASE ASCENDING
,26%,-9.1,34.0,3.8,1.0,42.7,-5.4,STAIRCASE ASCENDING
,27%,-8.9,32.2,3.3,0.7,40.8,-5.8,STAIRCASE ASCENDING
,28%,-8.7,30.4,2.8,0.4,39.0,-6.3,STAIRCASE ASCENDING
,29%,-8.5,28.6,2.3,0.1,37.1,-6.7,STAIRCASE ASCENDING
,30%,-8.4,26.8,1.8,-0.2,35.3,-7.1,STAIRCASE ASCENDING
,31%,-8.2,25.1,1.4,-0.4,33.6,-7.5,STAIRCASE ASCENDING
,32%,-8.0,23.4,1.0,-0.6,32.0,-7.9,STAIRCASE ASCENDING
,33%,-7.7,21.8,0.5,-0.8,30.4,-8.3,STAIRCASE ASCENDING
,34%,-7.5,20.2,0.1,-1.0,29.0,-8.7,STAIRCASE ASCENDING
,35%,-7.3,18.7,-0.3,-1.3,27.8,-9.0,STAIRCASE ASCENDING
,36%,-7.0,17.4,-0.6,-1.6,26.7,-9.3,STAIRCASE ASCENDING
,37%,-6.8,16.1,-1.0,-1.9,25.8,-9.5,STAIRCASE ASCENDING
,38%,-6.6,14.9,-1.4,-2.2,25.0,-9.7,STAIRCASE ASCENDING
,39%,-6.4,13.8,-1.7,-2.6,24.5,-9.9,STAIRCASE ASCENDING
,40%,-6.1,12.9,-2.0,-2.9,24.1,-9.9,STAIRCASE ASCENDING
,41%,-5.9,12.0,-2.2,-3.2,23.8,-9.9,STAIRCASE ASCENDING
,42%,-5.7,11.2,-2.5,-3.5,23.7,-9.9,STAIRCASE ASCENDING
,43%,-5.6,10.5,-2.6,-3.8,23.7,-9.8,STAIRCASE ASCENDING
,44%,-5.4,9.8,-2.8,-4.0,23.7,-9.8,STAIRCASE ASCENDING
,45%,-5.3,9.2,-2.9,-4.1,23.9,-9.7,STAIRCASE ASCENDING
,46%,-5.3,8.6,-3.0,-4.3,24.0,-9.7,STAIRCASE ASCENDING
,47%,-5.3,8.1,-3.1,-4.4,24.1,-9.7,STAIRCASE ASCENDING
,48%,-5.3,7.6,-3.1,-4.5,24.3,-9.7,STAIRCASE ASCENDING
,49%,-5.3,7.1,-3.1,-4.5,24.3,-9.8,STAIRCASE ASCENDING
,50%,-5.5,6.6,-3.1,-4.6,24.3,-10.1,STAIRCASE ASCENDING
,51%,-5.7,6.2,-3.1,-4.6,24.2,-10.5,STAIRCASE ASCENDING
,52%,-5.9,5.8,-3.2,-4.6,24.0,-11.1,STAIRCASE ASCENDING
,53%,-6.3,5.4,-3.3,-4.6,23.8,-11.9,STAIRCASE ASCENDING
,54%,-6.7,5.1,-3.3,-4.5,23.4,-13.0,STAIRCASE ASCENDING
,55%,-7.1,4.8,-3.5,-4.4,23.0,-14.4,STAIRCASE ASCENDING
,56%,-7.5,4.5,-3.6,-4.2,22.5,-16.0,STAIRCASE ASCENDING
,57%,-8.0,4.2,-3.7,-4.1,22.0,-17.9,STAIRCASE ASCENDING
,58%,-8.4,4.0,-3.9,-3.9,21.5,-19.9,STAIRCASE ASCENDING
,59%,-8.8,3.8,-4.1,-3.7,21.0,-22.2,STAIRCASE ASCENDING
,60%,-9.2,3.6,-4.3,-3.4,20.6,-24.6,STAIRCASE ASCENDING
,61%,-9.5,3.5,-4.4,-3.2,20.4,-27.0,STAIRCASE ASCENDING
,62%,-9.8,3.6,-4.6,-3.0,20.3,-29.4,STAIRCASE ASCENDING
,63%,-10.1,3.7,-4.7,-2.8,20.6,-31.7,STAIRCASE ASCENDING
,64%,-10.4,4.0,-4.8,-2.6,21.1,-33.7,STAIRCASE ASCENDING
,65%,-10.5,4.5,-4.9,-2.4,22.1,-35.5,STAIRCASE ASCENDING
,66%,-10.7,5.1,-4.9,-2.3,23.4,-36.9,STAIRCASE ASCENDING
,67%,-10.8,5.9,-4.9,-2.1,25.3,-38.0,STAIRCASE ASCENDING
,68%,-10.9,6.8,-4.8,-1.9,27.5,-38.6,STAIRCASE ASCENDING
,69%,-10.9,8.0,-4.8,-1.6,30.3,-38.9,STAIRCASE ASCENDING
,70%,-10.9,9.3,-4.7,-1.3,33.4,-38.7,STAIRCASE ASCENDING
,71%,-10.9,10.6,-4.6,-1.0,36.8,-38.0,STAIRCASE ASCENDING
,72%,-10.8,12.1,-4.4,-0.6,40.6,-36.9,STAIRCASE ASCENDING
,73%,-10.7,13.7,-4.2,-0.2,44.6,-35.5,STAIRCASE ASCENDING
,74%,-10.6,15.3,-4.1,0.1,48.7,-33.7,STAIRCASE ASCENDING
,75%,-10.4,16.9,-3.8,0.4,52.7,-31.8,STAIRCASE ASCENDING
,76%,-10.3,18.5,-3.6,0.6,56.5,-29.8,STAIRCASE ASCENDING
,77%,-10.1,20.1,-3.3,0.7,60.1,-27.7,STAIRCASE ASCENDING
,78%,-10.0,21.7,-3.0,0.8,63.3,-25.6,STAIRCASE ASCENDING
,79%,-9.9,23.2,-2.7,0.8,66.0,-23.5,STAIRCASE ASCENDING
,80%,-9.8,24.5,-2.4,0.8,68.0,-21.6,STAIRCASE ASCENDING
,81%,-9.7,25.8,-2.1,0.8,69.4,-19.8,STAIRCASE ASCENDING
,82%,-9.6,26.9,-1.8,0.9,70.1,-18.1,STAIRCASE ASCENDING
,83%,-9.5,27.9,-1.4,1.1,70.1,-16.7,STAIRCASE ASCENDING
,84%,-9.5,28.8,-1.0,1.4,69.5,-15.5,STAIRCASE ASCENDING
,85%,-9.4,29.5,-0.5,1.7,68.3,-14.4,STAIRCASE ASCENDING
,86%,-9.3,30.1,-0.1,2.1,66.4,-13.6,STAIRCASE ASCENDING
,87%,-9.3,30.4,0.4,2.5,63.9,-12.9,STAIRCASE ASCENDING
,88%,-9.2,30.5,0.9,2.9,60.9,-12.3,STAIRCASE ASCENDING
,89%,-9.1,30.4,1.4,3.3,57.5,-11.9,STAIRCASE ASCENDING
,90%,-9.0,30.0,1.8,3.6,53.7,-11.7,STAIRCASE ASCENDING
,91%,-8.9,29.5,2.2,3.8,49.7,-11.6,STAIRCASE ASCENDING
,92%,-8.8,28.7,2.5,4.1,45.6,-11.7,STAIRCASE ASCENDING
,93%,-8.7,27.8,2.8,4.3,41.5,-12.0,STAIRCASE ASCENDING
,94%,-8.5,26.7,3.1,4.6,37.5,-12.6,STAIRCASE ASCENDING
,95%,-8.3,25.5,3.2,4.8,33.7,-13.4,STAIRCASE ASCENDING
,96%,-8.0,24.2,3.3,5.1,30.3,-14.2,STAIRCASE ASCENDING
,97%,-7.8,22.9,3.2,5.3,27.3,-15.2,STAIRCASE ASCENDING
,98%,-7.5,21.5,3.0,5.5,24.8,-16.1,STAIRCASE ASCENDING
,99%,-7.2,20.2,2.8,5.6,22.8,-16.8,STAIRCASE ASCENDING
,100%,-6.9,19.0,2.5,5.5,21.2,-17.3,STAIRCASE ASCENDING
STAIRCASE DESCENDING,0%,-2.4,18.2,-5.1,-5.5,14.3,-44.3,STAIRCASE DESCENDING
,1%,-2.6,17.8,-5.0,-5.9,14.9,-41.6,STAIRCASE DESCENDING
,2%,-2.8,17.4,-4.8,-6.2,15.8,-38.0,STAIRCASE DESCENDING
,3%,-2.9,17.2,-4.5,-6.3,16.9,-34.2,STAIRCASE DESCENDING
,4%,-3.0,17.1,-4.1,-6.4,18.0,-30.4,STAIRCASE DESCENDING
,5%,-3.1,17.1,-3.6,-6.3,19.3,-26.6,STAIRCASE DESCENDING
,6%,-3.2,17.2,-3.0,-6.1,20.8,-22.8,STAIRCASE DESCENDING
,7%,-3.2,17.4,-2.4,-5.8,22.3,-19.4,STAIRCASE DESCENDING
,8%,-3.2,17.6,-1.7,-5.4,23.8,-16.4,STAIRCASE DESCENDING
,9%,-3.1,17.7,-1.0,-5.1,25.2,-13.9,STAIRCASE DESCENDING
,10%,-3.1,17.8,-0.3,-4.7,26.4,-11.9,STAIRCASE DESCENDING
,11%,-3.0,17.8,0.2,-4.4,27.5,-10.2,STAIRCASE DESCENDING
,12%,-2.9,17.7,0.7,-4.1,28.4,-9.0,STAIRCASE DESCENDING
,13%,-2.8,17.5,1.1,-3.9,29.0,-7.9,STAIRCASE DESCENDING
,14%,-2.7,17.2,1.4,-3.8,29.4,-7.0,STAIRCASE DESCENDING
,15%,-2.7,16.8,1.7,-3.8,29.7,-6.4,STAIRCASE DESCENDING
,16%,-2.5,16.1,2.0,-3.9,29.9,-5.9,STAIRCASE DESCENDING
,17%,-2.5,15.7,2.1,-3.8,30.0,-5.4,STAIRCASE DESCENDING
,18%,-2.6,15.4,2.0,-3.7,30.0,-5.0,STAIRCASE DESCENDING
,19%,-2.5,14.8,2.1,-3.5,29.9,-4.6,STAIRCASE DESCENDING
,20%,-2.5,14.3,2.1,-3.4,29.8,-4.3,STAIRCASE DESCENDING
,21%,-2.5,13.7,2.0,-3.2,29.6,-4.0,STAIRCASE DESCENDING
,22%,-2.5,13.1,2.0,-3.0,29.3,-3.7,STAIRCASE DESCENDING
,23%,-2.5,12.6,1.9,-2.8,29.2,-3.4,STAIRCASE DESCENDING
,24%,-2.5,12.1,1.8,-2.6,29.1,-3.3,STAIRCASE DESCENDING
,25%,-2.5,11.6,1.8,-2.6,29.1,-3.0,STAIRCASE DESCENDING
,26%,-2.5,11.2,1.7,-2.5,29.2,-2.7,STAIRCASE DESCENDING
,27%,-2.4,10.7,1.6,-2.5,29.2,-2.6,STAIRCASE DESCENDING
,28%,-2.4,10.3,1.6,-2.6,29.5,-2.4,STAIRCASE DESCENDING
,29%,-2.3,9.9,1.5,-2.6,29.7,-2.2,STAIRCASE DESCENDING
,30%,-2.3,9.6,1.5,-2.6,30.1,-1.9,STAIRCASE DESCENDING
,31%,-2.2,9.2,1.5,-2.7,30.6,-1.6,STAIRCASE DESCENDING
,32%,-2.1,8.9,1.5,-2.7,31.1,-1.3,STAIRCASE DESCENDING
,33%,-2.0,8.6,1.6,-2.7,31.7,-0.9,STAIRCASE DESCENDING
,34%,-1.9,8.4,1.6,-2.6,32.4,-0.5,STAIRCASE DESCENDING
,35%,-1.8,8.2,1.7,-2.5,33.3,-0.1,STAIRCASE DESCENDING
,36%,-1.7,8.1,1.8,-2.2,34.2,0.3,STAIRCASE DESCENDING
,37%,-1.6,7.9,1.9,-1.9,35.3,0.7,STAIRCASE DESCENDING
,38%,-1.5,7.9,2.0,-1.6,36.4,1.1,STAIRCASE DESCENDING
,39%,-1.4,7.8,2.2,-1.4,37.7,1.4,STAIRCASE DESCENDING
,40%,-1.2,7.7,2.3,-1.1,39.0,1.8,STAIRCASE DESCENDING
,41%,-1.1,7.7,2.5,-0.9,40.4,2.1,STAIRCASE DESCENDING
,42%,-1.0,7.7,2.7,-0.8,41.8,2.3,STAIRCASE DESCENDING
,43%,-0.9,7.7,2.9,-0.8,43.4,2.5,STAIRCASE DESCENDING
,44%,-0.8,7.7,3.1,-0.8,45.0,2.7,STAIRCASE DESCENDING
,45%,-0.7,7.8,3.3,-0.8,46.7,2.8,STAIRCASE DESCENDING
,46%,-0.6,7.8,3.5,-0.9,48.4,2.9,STAIRCASE DESCENDING
,47%,-0.6,7.9,3.7,-0.8,50.1,2.9,STAIRCASE DESCENDING
,48%,-0.6,8.0,3.8,-0.8,51.9,2.9,STAIRCASE DESCENDING
,49%,-0.5,8.0,3.9,-0.7,53.7,2.8,STAIRCASE DESCENDING
,50%,-0.5,8.1,4.0,-0.7,55.4,2.7,STAIRCASE DESCENDING
,51%,-0.5,8.1,4.0,-0.6,57.2,2.4,STAIRCASE DESCENDING
,52%,-0.5,8.1,4.0,-0.5,59.0,2.1,STAIRCASE DESCENDING
,53%,-0.6,8.2,3.8,-0.5,60.9,1.7,STAIRCASE DESCENDING
,54%,-0.6,8.2,3.6,-0.4,62.7,1.2,STAIRCASE DESCENDING
,55%,-0.6,8.2,3.3,-0.4,64.6,0.4,STAIRCASE DESCENDING
,56%,-0.6,8.4,2.9,-0.4,66.6,-0.5,STAIRCASE DESCENDING
,57%,-0.6,8.6,2.5,-0.4,68.7,-1.8,STAIRCASE DESCENDING
,58%,-0.6,8.9,2.0,-0.3,70.8,-3.3,STAIRCASE DESCENDING
,59%,-0.6,9.4,1.4,-0.3,73.1,-5.0,STAIRCASE DESCENDING
,60%,-0.7,9.9,0.8,-0.3,75.3,-7.0,STAIRCASE DESCENDING
,61%,-0.7,10.5,0.2,-0.1,77.5,-9.1,STAIRCASE DESCENDING
,62%,-0.7,11.2,-0.4,0.1,79.6,-11.3,STAIRCASE DESCENDING
,63%,-0.7,11.9,-1.0,0.5,81.6,-13.4,STAIRCASE DESCENDING
,64%,-0.8,12.8,-1.4,1.0,83.7,-15.3,STAIRCASE DESCENDING
,65%,-0.8,13.7,-1.8,1.6,85.7,-17.0,STAIRCASE DESCENDING
,66%,-0.9,14.6,-2.1,2.2,87.3,-18.3,STAIRCASE DESCENDING
,67%,-0.9,15.5,-2.3,2.8,88.9,-19.1,STAIRCASE DESCENDING
,68%,-1.0,16.4,-2.4,3.5,90.3,-19.6,STAIRCASE DESCENDING
,69%,-1.1,17.5,-2.4,4.1,91.7,-19.8,STAIRCASE DESCENDING
,70%,-1.1,18.5,-2.3,4.7,92.9,-19.8,STAIRCASE DESCENDING
,71%,-1.2,19.7,-2.1,5.2,93.8,-19.6,STAIRCASE DESCENDING
,72%,-1.3,20.8,-1.9,5.6,94.5,-19.3,STAIRCASE DESCENDING
,73%,-1.4,22.0,-1.7,5.9,95.0,-18.8,STAIRCASE DESCENDING
,74%,-1.6,23.2,-1.5,6.0,95.2,-18.3,STAIRCASE DESCENDING
,75%,-1.7,24.4,-1.2,6.0,95.1,-17.7,STAIRCASE DESCENDING
,76%,-1.8,25.6,-0.9,5.9,94.7,-17.2,STAIRCASE DESCENDING
,77%,-2.0,26.8,-0.6,5.7,94.1,-16.7,STAIRCASE DESCENDING
,78%,-2.1,28.0,-0.3,5.5,93.1,-16.2,STAIRCASE DESCENDING
,79%,-2.2,29.0,-0.1,5.3,91.7,-15.7,STAIRCASE DESCENDING
,80%,-2.4,30.0,0.2,5.1,90.0,-15.3,STAIRCASE DESCENDING
,81%,-2.5,30.8,0.5,4.9,88.0,-15.0,STAIRCASE DESCENDING
,82%,-2.6,31.7,0.9,4.7,85.5,-14.7,STAIRCASE DESCENDING
,83%,-2.8,32.2,1.2,4.5,82.7,-14.4,STAIRCASE DESCENDING
,84%,-2.9,32.5,1.1,4.3,79.6,-14.2,STAIRCASE DESCENDING
,85%,-3.0,32.7,1.3,4.2,76.1,-14.2,STAIRCASE DESCENDING
,86%,-3.1,32.8,1.4,4.0,72.3,-14.2,STAIRCASE DESCENDING
,87%,-3.2,32.7,1.6,3.8,68.3,-14.2,STAIRCASE DESCENDING
,88%,-3.3,32.4,1.7,3.6,64.1,-14.4,STAIRCASE DESCENDING
,89%,-3.4,31.9,1.8,3.4,59.6,-14.7,STAIRCASE DESCENDING
,90%,-3.5,31.3,1.9,3.2,55.2,-15.2,STAIRCASE DESCENDING
,91%,-3.6,30.5,1.9,3.0,50.7,-15.8,STAIRCASE DESCENDING
,92%,-3.6,29.5,2.0,2.9,46.3,-16.6,STAIRCASE DESCENDING
,93%,-3.7,28.5,2.0,2.7,42.0,-17.4,STAIRCASE DESCENDING
,94%,-3.7,27.3,2.0,2.7,38.0,-18.3,STAIRCASE DESCENDING
,95%,-3.7,26.1,2.0,2.8,34.4,-19.1,STAIRCASE DESCENDING
,96%,-3.6,24.8,1.9,2.9,31.0,-19.9,STAIRCASE DESCENDING
,97%,-3.6,23.6,1.9,3.0,28.2,-20.5,STAIRCASE DESCENDING
,98%,-3.6,22.4,1.8,3.2,25.9,-20.9,STAIRCASE DESCENDING
,99%,-3.5,21.1,1.8,3.5,24.2,-20.7,STAIRCASE DESCENDING
,100%,-3.5,20.1,1.7,3.6,22.7,-20.6,STAIRCASE DESCENDING